{
    "C0": [
        16.04129524122251,
        16.664645590029508
    ],
    "C#0": [
        16.992980646970878,
        17.653312637266733
    ],
    "D0": [
        18.003533191219148,
        18.703134347219663
    ],
    "D#0": [
        19.082764063717295,
        19.824303163674244
    ],
    "E0": [
        20.211050884965363,
        20.996434199058584
    ],
    "F0": [
        21.417827224213294,
        22.250104784730528
    ],
    "F#0": [
        22.683470701961127,
        23.564930033118177
    ],
    "G0": [
        24.037414887458805,
        24.971487275579385
    ],
    "G#0": [
        25.469848590956353,
        26.459584068328198
    ],
    "A0": [
        26.98077181245376,
        28.029220411364616
    ],
    "A#0": [
        28.589806931451005,
        29.700781192260543
    ],
    "B0": [
        30.287142758198097,
        31.464073967230025
    ],
    "C1": [
        32.08259048244502,
        33.329291180059016
    ],
    "C#1": [
        33.99577248369174,
        35.31681771831941
    ],
    "D1": [
        36.01687757218828,
        37.41646113822527
    ],
    "D#1": [
        38.15571693768461,
        39.63841388356254
    ],
    "E1": [
        40.42210176993073,
        41.99286839811717
    ],
    "F1": [
        42.825843258676606,
        44.4900171256751
    ],
    "F#1": [
        45.37675259367224,
        47.14005251002231
    ],
    "G1": [
        48.07482977491761,
        49.94297455115877
    ],
    "G#1": [
        50.92988599216272,
        52.908975692870435
    ],
    "A1": [
        53.96154362490752,
        56.05844082272923
    ],
    "A#1": [
        57.16980267315203,
        59.39136994073513
    ],
    "B1": [
        60.574285516396195,
        62.92814793446005
    ],
    "C2": [
        64.17499215464001,
        66.66877480390397
    ],
    "C#2": [
        67.99154496738348,
        70.63363543663883
    ],
    "D2": [
        72.03375514437656,
        74.83292227645055
    ],
    "D#2": [
        76.31143387536922,
        79.27682776712508
    ],
    "E2": [
        80.85401472961144,
        83.99592924002029
    ],
    "F2": [
        85.6614977071032,
        88.99022669513616
    ],
    "F#2": [
        90.75350518734447,
        94.28010502004462
    ],
    "G2": [
        96.14965954983522,
        99.88594910231754
    ],
    "G#2": [
        101.86860205510041,
        105.82712458514823
    ],
    "A2": [
        107.98587886421492,
        112.18211328568853
    ],
    "A#2": [
        114.30330394422911,
        118.74502783946224
    ],
    "B2": [
        121.1387598430424,
        125.84610342513415
    ],
    "C3": [
        128.40296473392993,
        133.39258880425209
    ],
    "C#3": [
        135.97622210194197,
        141.26013616262748
    ],
    "D3": [
        144.12245295135298,
        149.7229222381024
    ],
    "D#3": [
        152.6395467733134,
        158.57098268868629
    ],
    "E3": [
        161.69821826947287,
        167.98166603625464
    ],
    "F3": [
        171.3602779352563,
        178.01918467665894
    ],
    "F#3": [
        181.55508520446386,
        188.6101530146404
    ],
    "G3": [
        192.30128133762045,
        199.77393669339227
    ],
    "G#3": [
        203.69403487530093,
        211.6094024176383
    ],
    "A3": [
        215.92662625557995,
        224.3173413299617
    ],
    "A#3": [
        228.60268341255824,
        237.48597870141012
    ],
    "B3": [
        242.2775196860848,
        251.6922068502683
    ],
    "C4": [
        256.746081210385,
        266.7230037014099
    ],
    "C#4": [
        271.914180563859,
        282.4805217944898
    ],
    "D4": [
        288.1036247703063,
        299.29907328568714
    ],
    "D#4": [
        305.3134327107518,
        317.1776389306234
    ],
    "E4": [
        323.40624772869575,
        335.9735245162952
    ],
    "F4": [
        342.6842544684377,
        356.00065731130985
    ],
    "F#4": [
        362.939455707278,
        377.0429575074052
    ],
    "G4": [
        384.5996193183159,
        399.5448156536487
    ],
    "G#4": [
        407.4655781496267,
        423.2993251411856
    ],
    "A4": [
        431.7325748772351,
        448.5093156013562
    ],
    "A#4": [
        457.3005353656913,
        475.07082410754396
    ],
    "B4": [
        484.5550393721696,
        503.3844137005366
    ],
    "C5": [
        513.4126917837951,
        533.3634486081536
    ],
    "C#5": [
        543.856813577993,
        564.9906016759588
    ],
    "D5": [
        576.2837768206624,
        598.6776476329047
    ],
    "D#5": [
        610.4953954788538,
        634.2186991145151
    ],
    "E5": [
        646.8026842676416,
        671.9368565888044
    ],
    "F5": [
        685.2517557788506,
        711.8800245415669
    ],
    "F#5": [
        725.9907589777058,
        754.2021088739702
    ],
    "G5": [
        769.1001456201569,
        798.9866876250593
    ],
    "G#5": [
        814.9704010582533,
        846.6394200575149
    ],
    "A5": [
        863.4043203780203,
        896.9554380512395
    ],
    "A#5": [
        914.6972203909323,
        950.2415341641902
    ],
    "B5": [
        969.1198899340891,
        1006.779019844859
    ],
    "C6": [
        1027.2021332539896,
        1067.1182870576877
    ],
    "C#6": [
        1087.1975585751368,
        1129.4450808087765
    ],
    "D6": [
        1152.1966906687753,
        1196.9700208907004
    ],
    "D#6": [
        1221.2184105599072,
        1268.6738629248641
    ],
    "E6": [
        1293.615179725033,
        1343.883905621395
    ],
    "F6": [
        1370.3288723801516,
        1423.5786235837438
    ],
    "F#6": [
        1451.3791109047627,
        1507.778401699483
    ],
    "G6": [
        1537.4134338223653,
        1597.1559412584854
    ],
    "G#6": [
        1630.3940790829558,
        1693.7497310179408
    ],
    "A6": [
        1727.3580673820395,
        1794.4816529544923
    ],
    "A#6": [
        1829.296328884365,
        1900.381143890521
    ],
    "B6": [
        1938.2299686784283,
        2013.5478472459322
    ],
    "C7": [
        2053.95295177948,
        2133.7677217012215
    ],
    "C#7": [
        2175.6901941972715,
        2260.2355641972986
    ],
    "D7": [
        2305.3254443637993,
        2394.908323941066
    ],
    "D#7": [
        2442.848891089314,
        2537.775808488738
    ],
    "E7": [
        2587.230359450066,
        2687.76781124279
    ],
    "F7": [
        2740.6086888115533,
        2847.106284948558
    ],
    "F#7": [
        2903.7785855435236,
        3016.616817552705
    ],
    "G7": [
        3075.8079866197286,
        3195.331126895566
    ],
    "G#7": [
        3259.6500601549137,
        3386.3171385567116
    ],
    "A7": [
        3454.32368717408,
        3588.555608157547
    ],
    "A#7": [
        3658.8379375124796,
        3801.0170988756904
    ],
    "B7": [
        3876.4697485466068,
        4027.1058869356507
    ],
    "C8": [
        4107.199497896961,
        4266.801587449854
    ],
    "C#8": [
        4351.046807943043,
        4520.1245853058745
    ],
    "D8": [
        4609.6305249936,
        4788.756633728393
    ],
    "D#8": [
        4884.9226981883785,
        5074.746413918387
    ],
    "E8": [
        5174.460718900132,
        5375.53562248558
    ],
    "F8": [
        5481.678503541356,
        5694.6916147550555
    ],
    "F#8": [
        5808.057541764296,
        6033.753449738494
    ],
    "G8": [
        6153.087651701955,
        6392.191120359024
    ],
    "G#8": [
        6518.740882494078,
        6772.053307817623
    ],
    "A8": [
        6907.960591065661,
        7176.397745250077
    ],
    "A#8": [
        7317.803420491709,
        7602.166699520599
    ],
    "B8": [
        7752.929685903463,
        8054.201581427515
    ]
}